metric,metric_group,metric_direction,budget,contrast_id,contrast_family,model_a,model_b,interpretation,pair_count,model_a_mean,model_b_mean,mean_difference_model_b_minus_model_a,median_difference_model_b_minus_model_a,relative_change_percent,std_difference,standard_error_difference,paired_t_ci95_low,paired_t_ci95_high,bootstrap_reps,bootstrap_ci95_low,bootstrap_ci95_high,min_difference,max_difference,paired_cohens_dz,model_b_better_seed_count,model_a_better_seed_count,tie_seed_count,model_b_better_seed_fraction,exact_sign_flip_p_value,holm_p_by_metric_budget,holm_p_by_metric_all_budgets,holm_p_by_metric_group_budget
validation_loss,quality,lower_is_better,10m,mla_vs_dense,attention_mechanism,dense_121m,mla_121m,Effect of MLA attention relative to dense baseline.,10,5.0227198314666754,5.076782487869263,0.054062656402587804,0.05107221126556416,1.0763621746109033,0.03208983111435894,0.010147695605151344,0.03110697410407941,0.0770183387010962,20000,0.03552458906173674,0.07270368480682361,0.0007838439941405539,0.1142938756942744,1.6847286048319803,0,10,0,0.0,0.001953125,0.013671875,0.041015625,0.0546875
validation_loss,quality,lower_is_better,10m,moe_vs_dense,sparse_ffn_mechanism,dense_121m,moe_220m,Effect of sparse MoE capacity relative to dense baseline.,10,5.0227198314666754,4.970074525356293,-0.052645306110382074,-0.04595611810684197,-1.0481433939549285,0.022368760170066376,0.0070736230571465135,-0.06864695317563589,-0.03664365904512826,20000,-0.0661719636917116,-0.04003953981399526,-0.09209725856781059,-0.024676356315612935,-2.353519180773883,10,0,0,1.0,0.001953125,0.013671875,0.041015625,0.0546875
validation_loss,quality,lower_is_better,10m,mla_moe_vs_dense,composition_supporting,dense_121m,mla_moe_220m,Supporting comparison for combined MLA plus MoE relative to dense baseline.,10,5.0227198314666754,5.021640481948852,-0.0010793495178223367,-0.004210367202758913,-0.021489343503899118,0.01835229403112403,0.005803504942746501,-0.014207789793059082,0.012049090757414407,20000,-0.011486009597778324,0.009940399169921755,-0.030929551124573074,0.034484376907348846,-0.05881278471191917,6,4,0,0.6,0.853515625,1.0,1.0,1.0
validation_loss,quality,lower_is_better,10m,mla_moe_vs_mla,composition_mechanism,mla_121m,mla_moe_220m,Effect of adding MoE capacity on top of MLA.,10,5.076782487869263,5.021640481948852,-0.055142005920410145,-0.0473383998870851,-1.0861604973655936,0.04321375394188048,0.013665388870242186,-0.08605526323486953,-0.024228748605950756,20000,-0.08188485527038569,-0.030493465900421235,-0.14522342681884748,0.01724812030792222,-1.276029062288186,9,1,0,0.9,0.00390625,0.015625,0.041015625,0.0625
validation_loss,quality,lower_is_better,10m,mla_moe_vs_moe,composition_mechanism,moe_220m,mla_moe_220m,Effect of adding MLA attention inside the MoE setting.,10,4.970074525356293,5.021640481948852,0.051565956592559734,0.05682258129119866,1.0375288404526106,0.03171714629144941,0.010029842316174282,0.028876876955863384,0.07425503622925608,20000,0.03329503297805765,0.07050532579421995,0.009615516662597301,0.09684943199157736,1.6258069411011717,0,10,0,0.0,0.001953125,0.013671875,0.041015625,0.0546875
validation_loss,quality,lower_is_better,10m,v3_routing_vs_moe,routing_mechanism,moe_220m,v3_routing_220m,Effect of V3-style routing relative to standard MoE.,10,4.970074525356293,4.979385396957397,0.009310871601104687,0.008945913314819531,0.18733867175638,0.01849350845368203,0.005848160864121376,-0.00391858738652903,0.022540330588738403,20000,-0.0016882061958314765,0.020782486438751403,-0.027688999176025852,0.04933359622955358,0.5034670205723406,1,9,0,0.1,0.15234375,0.45703125,0.609375,1.0
validation_loss,quality,lower_is_better,10m,mtp_vs_dense,objective_mechanism,dense_121m,mtp_121m,Effect of MTP objective relative to next-token-only dense baseline.,10,5.0227198314666754,5.022073311805725,-0.0006465196609497959,-0.0023520398139953436,-0.012871903722350501,0.02565541477144288,0.008112954499408766,-0.018999297792779094,0.0177062584708795,20000,-0.014735932826995857,0.014988882064819275,-0.0369784545898435,0.05138430118560855,-0.025200125069481976,6,4,0,0.6,0.935546875,1.0,1.0,1.0
validation_loss,quality,lower_is_better,25m,mla_vs_dense,attention_mechanism,dense_121m,mla_121m,Effect of MLA attention relative to dense baseline.,10,4.596816851139069,4.6418686509132385,0.045051799774169954,0.0468028283119204,0.980065145797713,0.013711377114271603,0.004335918153860507,0.03524327146535571,0.054860328082984196,20000,0.03723807859420782,0.05325954151153569,0.02529792308807366,0.07209002017974875,3.285723920996776,0,10,0,0.0,0.001953125,0.013671875,0.041015625,0.0546875
validation_loss,quality,lower_is_better,25m,moe_vs_dense,sparse_ffn_mechanism,dense_121m,moe_220m,Effect of sparse MoE capacity relative to dense baseline.,10,4.596816851139069,4.573995110511779,-0.02282174062728872,-0.019606575965881223,-0.49646834682207547,0.01882457121507763,0.005952852101568871,-0.03628802764759051,-0.009355453606986934,20000,-0.03418400526046757,-0.012141757011413378,-0.057578444480895996,0.006390738487243475,-1.2123378730140497,9,1,0,0.9,0.00390625,0.013671875,0.041015625,0.0546875
validation_loss,quality,lower_is_better,25m,mla_moe_vs_dense,composition_supporting,dense_121m,mla_moe_220m,Supporting comparison for combined MLA plus MoE relative to dense baseline.,10,4.596816851139069,4.615165399074554,0.018348547935485994,0.018975744247436754,0.39915768954204284,0.008910269041548598,0.0028176744736179045,0.011974525442718799,0.02472257042825319,20000,0.013177443981170888,0.02365874242782624,0.004451189041137837,0.03580600738525419,2.059258575686849,0,10,0,0.0,0.001953125,0.013671875,0.041015625,0.0546875
validation_loss,quality,lower_is_better,25m,mla_moe_vs_mla,composition_mechanism,mla_121m,mla_moe_220m,Effect of adding MoE capacity on top of MLA.,10,4.6418686509132385,4.615165399074554,-0.02670325183868396,-0.024654853343963445,-0.575269440970295,0.017853301333052393,0.0056457095965765924,-0.039474734241335255,-0.013931769436032667,20000,-0.037766061782836945,-0.01701755475997908,-0.06503293514251762,-0.002734136581421076,-1.4957038667827427,10,0,0,1.0,0.001953125,0.013671875,0.041015625,0.0546875
validation_loss,quality,lower_is_better,25m,mla_moe_vs_moe,composition_mechanism,moe_220m,mla_moe_220m,Effect of adding MLA attention inside the MoE setting.,10,4.573995110511779,4.615165399074554,0.041170288562774715,0.04332150459289563,0.9000947217490186,0.02283994925522175,0.007222626128916715,0.024831573131445527,0.0575090039941039,20000,0.027797872543335166,0.05453483009338385,0.007414073944092436,0.0762427520751956,1.8025560434799222,0,10,0,0.0,0.001953125,0.013671875,0.041015625,0.0546875
validation_loss,quality,lower_is_better,25m,v3_routing_vs_moe,routing_mechanism,moe_220m,v3_routing_220m,Effect of V3-style routing relative to standard MoE.,10,4.573995110511779,4.575875092029571,0.0018799815177917623,0.002006087303161763,0.041101520057843115,0.013571149763698685,0.004291574372054373,-0.00782823418738671,0.011588197222970234,20000,-0.006792404174804467,0.009038446426391556,-0.029608044624327867,0.015444202423095632,0.13852779981991678,4,6,0,0.4,0.677734375,0.677734375,1.0,1.0
validation_loss,quality,lower_is_better,25m,mtp_vs_dense,objective_mechanism,dense_121m,mtp_121m,Effect of MTP objective relative to next-token-only dense baseline.,10,4.596816851139069,4.58753363275528,-0.009283218383788849,-0.005518665313720028,-0.2019488416530781,0.013208731415582065,0.004176967627465941,-0.018732175620798173,0.00016573885322047552,20000,-0.01761146879196156,-0.0020329556465145337,-0.036857500076293626,0.007376055717468688,-0.7028092321445517,8,2,0,0.8,0.044921875,0.08984375,0.224609375,0.359375
validation_loss,quality,lower_is_better,50m,mla_vs_dense,attention_mechanism,dense_121m,mla_121m,Effect of MLA attention relative to dense baseline.,10,4.417299575805664,4.465477472305298,0.04817789649963391,0.04844655275344856,1.0906640057539412,0.008422275337375138,0.0026633573147168497,0.042152963673208574,0.05420282932605924,20000,0.04356320118904122,0.0534180657863617,0.03864128112792997,0.06620150566101124,5.720294643638294,0,10,0,0.0,0.001953125,0.013671875,0.041015625,0.0546875
validation_loss,quality,lower_is_better,50m,moe_vs_dense,sparse_ffn_mechanism,dense_121m,moe_220m,Effect of sparse MoE capacity relative to dense baseline.,10,4.417299575805664,4.386480032444,-0.030819543361663815,-0.029721270799636823,-0.6977010010927929,0.004659400319756957,0.0014734317540948828,-0.034152677557999576,-0.027486409165328053,20000,-0.03368720483779901,-0.02818516254425063,-0.03941371440887398,-0.025170190334320885,-6.614487111352436,10,0,0,1.0,0.001953125,0.013671875,0.041015625,0.0546875
validation_loss,quality,lower_is_better,50m,mla_moe_vs_dense,composition_supporting,dense_121m,mla_moe_220m,Supporting comparison for combined MLA plus MoE relative to dense baseline.,10,4.417299575805664,4.432931434631348,0.015631858825683586,0.013640998601913257,0.35387816826601615,0.006411200118589679,0.0020273994909885003,0.01104556254540651,0.020218155105960662,20000,0.011989860296249422,0.019512186527252152,0.007941968441009806,0.026099369525909744,2.4382110270365804,0,10,0,0.0,0.001953125,0.013671875,0.041015625,0.0546875
validation_loss,quality,lower_is_better,50m,mla_moe_vs_mla,composition_mechanism,mla_121m,mla_moe_220m,Effect of adding MoE capacity on top of MLA.,10,4.465477472305298,4.432931434631348,-0.032546037673950326,-0.02826958417892511,-0.7288366781783018,0.011576096657761792,0.0036606831852789954,-0.040827078362054715,-0.024264996985845937,20000,-0.03976071333885187,-0.026268986940384133,-0.05607583284378048,-0.019740500450134313,-2.8114863443307683,10,0,0,1.0,0.001953125,0.013671875,0.041015625,0.0546875
validation_loss,quality,lower_is_better,50m,mla_moe_vs_moe,composition_mechanism,moe_220m,mla_moe_220m,Effect of adding MLA attention inside the MoE setting.,10,4.386480032444,4.432931434631348,0.046451402187347404,0.045262309312820825,1.0589675968835137,0.006818509278289326,0.0021562019566385153,0.041573734486821445,0.05132906988787336,20000,0.04236130571365378,0.050291595935821484,0.0336169648170479,0.05455822944641042,6.812545131419319,0,10,0,0.0,0.001953125,0.013671875,0.041015625,0.0546875
validation_loss,quality,lower_is_better,50m,v3_routing_vs_moe,routing_mechanism,moe_220m,v3_routing_220m,Effect of V3-style routing relative to standard MoE.,10,4.386480032444,4.391396481990815,0.004916449546813961,0.004543279409408907,0.11208188594157763,0.0036343740167599776,0.0011492899761896495,0.002316574995110122,0.0075163240985178,20000,0.0028991665840148785,0.007122133016586396,0.0007764482498169301,0.011854999065398886,1.352763783843289,0,10,0,0.0,0.001953125,0.013671875,0.041015625,0.0546875
validation_loss,quality,lower_is_better,50m,mtp_vs_dense,objective_mechanism,dense_121m,mtp_121m,Effect of MTP objective relative to next-token-only dense baseline.,10,4.417299575805664,4.399777106523514,-0.01752246928215042,-0.017982932329177803,-0.3966783094840137,0.012532977342854027,0.003963275426670374,-0.026488021176508166,-0.008556917387792674,20000,-0.02475828433036824,-0.010063695669174333,-0.03672180652618362,0.0069263315200807085,-1.3981090688032936,9,1,0,0.9,0.005859375,0.013671875,0.041015625,0.0546875
test_loss,quality,lower_is_better,10m,mla_vs_dense,attention_mechanism,dense_121m,mla_121m,Effect of MLA attention relative to dense baseline.,10,4.9974501242637634,5.055132779598236,0.05768265533447261,0.052294931411742684,1.1542417412914263,0.03277509641547828,0.010364395520453169,0.03423676377039883,0.08112854689854639,20000,0.0396919312477114,0.07805793666839608,0.012214727401733683,0.12838775634765653,1.7599537955052833,0,10,0,0.0,0.001953125,0.013671875,0.041015625,0.0546875
test_loss,quality,lower_is_better,10m,moe_vs_dense,sparse_ffn_mechanism,dense_121m,moe_220m,Effect of sparse MoE capacity relative to dense baseline.,10,4.9974501242637634,4.94356567955017,-0.05388444471359257,-0.0491922235488893,-1.078238769246966,0.02374055770194765,0.0075074235260807415,-0.07086741661684635,-0.03690147281033879,20000,-0.0683168187141419,-0.040440244674682456,-0.09899916648864782,-0.02363302707672066,-2.269721098808557,10,0,0,1.0,0.001953125,0.013671875,0.041015625,0.0546875
test_loss,quality,lower_is_better,10m,mla_moe_vs_dense,composition_supporting,dense_121m,mla_moe_220m,Supporting comparison for combined MLA plus MoE relative to dense baseline.,10,4.9974501242637634,4.997512806892395,6.268262863144969e-05,-0.005494496822357586,0.001254292230493931,0.01707238424757328,0.005398761931191153,-0.012150165343946005,0.012275530601208905,20000,-0.009555737972259592,0.010359724044799545,-0.023595023155212225,0.029479956626891735,0.00367158023873318,6,4,0,0.6,0.986328125,1.0,1.0,1.0
test_loss,quality,lower_is_better,10m,mla_moe_vs_mla,composition_mechanism,mla_121m,mla_moe_220m,Effect of adding MoE capacity on top of MLA.,10,5.055132779598236,4.997512806892395,-0.05761997270584116,-0.050803141593933177,-1.1398310433780652,0.04306064198478785,0.01361697061810032,-0.08842370032441042,-0.026816245087271897,20000,-0.08425300121307364,-0.03357788944244398,-0.15198277950286876,0.011483097076415483,-1.3381122540206605,9,1,0,0.9,0.00390625,0.015625,0.041015625,0.0625
test_loss,quality,lower_is_better,10m,mla_moe_vs_moe,composition_mechanism,moe_220m,mla_moe_220m,Effect of adding MLA attention inside the MoE setting.,10,4.94356567955017,4.997512806892395,0.053947127342224024,0.05487751245498629,1.0912594438743823,0.03218515115564593,0.010177838448864161,0.0309232571939053,0.07697099749054274,20000,0.03544617557525624,0.07310417842864983,0.015428500175476145,0.10186413288116469,1.6761495722464739,0,10,0,0.0,0.001953125,0.013671875,0.041015625,0.0546875
test_loss,quality,lower_is_better,10m,v3_routing_vs_moe,routing_mechanism,moe_220m,v3_routing_220m,Effect of V3-style routing relative to standard MoE.,10,4.94356567955017,4.95151176738739,0.007946087837219196,0.007326929569244189,0.16073596169844423,0.01789429216489179,0.005658672035756337,-0.00485471764006915,0.02074689331450754,20000,-0.003002707958221684,0.018120044708251994,-0.030885491371154927,0.04215195178985631,0.44405711966686484,1,9,0,0.1,0.208984375,0.626953125,0.8359375,1.0
test_loss,quality,lower_is_better,10m,mtp_vs_dense,objective_mechanism,dense_121m,mtp_121m,Effect of MTP objective relative to next-token-only dense baseline.,10,4.9974501242637634,4.997737574100495,0.00028744983673094636,0.001485810279846067,0.005751930076006395,0.025924133041746754,0.00819793067771487,-0.018257557765515856,0.01883245743897775,20000,-0.014853294372558602,0.015690457820892335,-0.04262166023254377,0.04823503017425512,0.011088117634177138,5,5,0,0.5,0.978515625,1.0,1.0,1.0
test_loss,quality,lower_is_better,25m,mla_vs_dense,attention_mechanism,dense_121m,mla_121m,Effect of MLA attention relative to dense baseline.,10,4.560027572870254,4.604465797424316,0.044438224554061725,0.04123310089111332,0.9745165756989188,0.012428867717743156,0.003930353072500713,0.035547148199003176,0.053329300909120275,20000,0.037682573556899704,0.05224067711830118,0.028832726478576376,0.07005876064300498,3.575404096595442,0,10,0,0.0,0.001953125,0.013671875,0.041015625,0.0546875
test_loss,quality,lower_is_better,25m,moe_vs_dense,sparse_ffn_mechanism,dense_121m,moe_220m,Effect of sparse MoE capacity relative to dense baseline.,10,4.560027572870254,4.5380786173343655,-0.021948955535888624,-0.01793949127197303,-0.48133383373542016,0.015522836153935616,0.004908751799204464,-0.03305332357857673,-0.010844587493200516,20000,-0.03159487819671654,-0.013373112678527654,-0.05420992374420219,-0.002180995941161612,-1.413978432692775,10,0,0,1.0,0.001953125,0.013671875,0.041015625,0.0546875
test_loss,quality,lower_is_better,25m,mla_moe_vs_dense,composition_supporting,dense_121m,mla_moe_220m,Supporting comparison for combined MLA plus MoE relative to dense baseline.,10,4.560027572870254,4.580437824249268,0.020410251379012933,0.02211897611618019,0.4475905255582906,0.009781647057585165,0.0030932283969853326,0.013412882604778728,0.027407620153247138,20000,0.014727865457534507,0.02619148206710804,0.006535205841064595,0.03673962831497235,2.0865863651444907,0,10,0,0.0,0.001953125,0.013671875,0.041015625,0.0546875
test_loss,quality,lower_is_better,25m,mla_moe_vs_mla,composition_mechanism,mla_121m,mla_moe_220m,Effect of adding MoE capacity on top of MLA.,10,4.604465797424316,4.580437824249268,-0.02402797317504879,-0.019922583103179736,-0.5218406267343707,0.018010187905002337,0.005695321486742363,-0.0369116854703957,-0.011144260879701879,20000,-0.03541157102584833,-0.014253358840942188,-0.06352355480194039,0.0016417598724363103,-1.3341322867805843,9,1,0,0.9,0.00390625,0.013671875,0.041015625,0.0546875
test_loss,quality,lower_is_better,25m,mla_moe_vs_moe,composition_mechanism,moe_220m,mla_moe_220m,Effect of adding MLA attention inside the MoE setting.,10,4.5380786173343655,4.580437824249268,0.04235920691490156,0.04608332157135031,0.9334172121456779,0.0205546888396469,0.006499963332932769,0.027655268303753887,0.057063145526049235,20000,0.030285055160522312,0.054351943731307806,0.013629412651061656,0.07650836467742916,2.0608050671726557,0,10,0,0.0,0.001953125,0.013671875,0.041015625,0.0546875
test_loss,quality,lower_is_better,25m,v3_routing_vs_moe,routing_mechanism,moe_220m,v3_routing_220m,Effect of V3-style routing relative to standard MoE.,10,4.5380786173343655,4.538941773653031,0.000863156318664604,0.003526655435562631,0.019020303336472734,0.01094947665463035,0.003462528541547275,-0.006969627422791684,0.008695940060120892,20000,-0.006212142705917412,0.006711035013198874,-0.02431809902191162,0.012634649276733079,0.07883082871358876,4,6,0,0.4,0.822265625,0.822265625,1.0,1.0
test_loss,quality,lower_is_better,25m,mtp_vs_dense,objective_mechanism,dense_121m,mtp_121m,Effect of MTP objective relative to next-token-only dense baseline.,10,4.560027572870254,4.550934609413147,-0.009092963457107573,-0.00784411191940304,-0.19940588761361627,0.012741020175983019,0.004029064347026569,-0.018207340228878082,2.1413314662935973e-05,20000,-0.01696867299079905,-0.002031617879867742,-0.03315813064575224,0.00694823503494213,-0.7136762466044848,8,2,0,0.8,0.044921875,0.08984375,0.26953125,0.359375
test_loss,quality,lower_is_better,50m,mla_vs_dense,attention_mechanism,dense_121m,mla_121m,Effect of MLA attention relative to dense baseline.,10,4.378925040245056,4.427968507766724,0.04904346752166777,0.04833836436271666,1.1199887431487792,0.010654235221774368,0.003369165002799618,0.041421886778128345,0.0566650482652072,20000,0.043346134901046975,0.05576245045661965,0.03410210847854689,0.07383143186569274,4.603189858380095,0,10,0,0.0,0.001953125,0.013671875,0.041015625,0.0546875
test_loss,quality,lower_is_better,50m,moe_vs_dense,sparse_ffn_mechanism,dense_121m,moe_220m,Effect of sparse MoE capacity relative to dense baseline.,10,4.378925040245056,4.351845359563828,-0.027079680681228437,-0.028147674798965294,-0.6184093226613668,0.007961069700640007,0.002517511286537726,-0.03277468687035104,-0.02138467449210583,20000,-0.0317681143283842,-0.02234358525276168,-0.039506540298461346,-0.016632337570190003,-3.4015128242190174,10,0,0,1.0,0.001953125,0.013671875,0.041015625,0.0546875
test_loss,quality,lower_is_better,50m,mla_moe_vs_dense,composition_supporting,dense_121m,mla_moe_220m,Supporting comparison for combined MLA plus MoE relative to dense baseline.,10,4.378925040245056,4.396584239721298,0.017659199476242192,0.01672529339790385,0.4032770443417761,0.003492598077897382,0.0011044564877681913,0.01516074532150162,0.020157653630982764,20000,0.01575737118721019,0.01979555034637448,0.014059815406799459,0.024273867607116806,5.056178547424903,0,10,0,0.0,0.001953125,0.013671875,0.041015625,0.0546875
test_loss,quality,lower_is_better,50m,mla_moe_vs_mla,composition_mechanism,mla_121m,mla_moe_220m,Effect of adding MoE capacity on top of MLA.,10,4.427968507766724,4.396584239721298,-0.03138426804542558,-0.028521717786789136,-0.7087735152220956,0.009176651064323782,0.0029019118655871476,-0.037948848757806616,-0.02481968733304454,20000,-0.037027063608169805,-0.0261913053989411,-0.04955756425857594,-0.016874592304230163,-3.4200132298196144,10,0,0,1.0,0.001953125,0.013671875,0.041015625,0.0546875
test_loss,quality,lower_is_better,50m,mla_moe_vs_moe,composition_mechanism,moe_220m,mla_moe_220m,Effect of adding MLA attention inside the MoE setting.,10,4.351845359563828,4.396584239721298,0.04473888015747063,0.04766087532043439,1.0280438862366807,0.00925171434117571,0.002925648957935936,0.03812060241161013,0.051357157903331126,20000,0.03911294102668759,0.04997042083740242,0.0314685082435604,0.058422524929046205,4.83573946488551,0,10,0,0.0,0.001953125,0.013671875,0.041015625,0.0546875
test_loss,quality,lower_is_better,50m,v3_routing_vs_moe,routing_mechanism,moe_220m,v3_routing_220m,Effect of V3-style routing relative to standard MoE.,10,4.351845359563828,4.35484138917923,0.0029960296154021293,0.0038138282299038373,0.06884503854940316,0.006294495200790273,0.0019904941555496155,-0.0015067809959685144,0.007498840226772773,20000,-0.0006983451843263211,0.006638657093048117,-0.00752595663070732,0.01367488384246851,0.4759761537392193,3,7,0,0.3,0.166015625,0.166015625,0.830078125,0.33203125
test_loss,quality,lower_is_better,50m,mtp_vs_dense,objective_mechanism,dense_121m,mtp_121m,Effect of MTP objective relative to next-token-only dense baseline.,10,4.378925040245056,4.364008625984192,-0.014916414260864297,-0.014453690052032453,-0.34064100489899085,0.012016330309940506,0.0037998972896329036,-0.023512379132287452,-0.006320449389441143,20000,-0.02173557806015003,-0.007722321033478074,-0.033537008762359655,0.008094074726104239,-1.241345225715433,9,1,0,0.9,0.005859375,0.013671875,0.041015625,0.0546875
validation_perplexity,quality,lower_is_better,10m,mla_vs_dense,attention_mechanism,dense_121m,mla_121m,Effect of MLA attention relative to dense baseline.,10,151.8424388311351,160.33051622576696,8.488077394631826,7.9827453607429675,5.5900560212099,5.122140287681856,1.6197629803984768,4.823918966580716,12.152235822682936,20000,5.494893457107392,11.523592431963866,0.12109213718520095,18.404844490653147,1.6571348924285914,0,10,0,0.0,0.001953125,0.013671875,0.041015625,0.0546875
validation_perplexity,quality,lower_is_better,10m,moe_vs_dense,sparse_ffn_mechanism,dense_121m,moe_220m,Effect of sparse MoE capacity relative to dense baseline.,10,151.8424388311351,144.04283767162065,-7.799601159514464,-6.753340474609573,-5.136641125863664,3.349566221498492,1.0592258433499289,-10.195736488008873,-5.403465831020055,20000,-9.843773089719482,-5.906095768566925,-13.71469846030044,-3.622046355006063,-2.3285406657896033,10,0,0,1.0,0.001953125,0.013671875,0.041015625,0.0546875
validation_perplexity,quality,lower_is_better,10m,mla_moe_vs_dense,composition_supporting,dense_121m,mla_moe_220m,Supporting comparison for combined MLA plus MoE relative to dense baseline.,10,151.8424388311351,151.69746564594823,-0.14497318518688473,-0.6277869335686148,-0.09547606473056607,2.778756408710673,0.8787199314315475,-2.1327757721180327,1.8428294017442632,20000,-1.758408595556307,1.5478801965437499,-4.629444641447662,5.221477116188424,-0.052171966111326566,6,4,0,0.6,0.869140625,1.0,1.0,1.0
validation_perplexity,quality,lower_is_better,10m,mla_moe_vs_mla,composition_mechanism,mla_121m,mla_moe_220m,Effect of adding MoE capacity on top of MLA.,10,160.33051622576696,151.69746564594823,-8.633050579818711,-7.405278627227474,-5.384533639037382,6.822912336455483,2.1575943258860413,-13.51386803841114,-3.752233121226282,20000,-12.848126837556979,-4.728389468030182,-23.03428913210081,2.6887414692147047,-1.2653028727470943,9,1,0,0.9,0.00390625,0.015625,0.041015625,0.0625
validation_perplexity,quality,lower_is_better,10m,mla_moe_vs_moe,composition_mechanism,moe_220m,mla_moe_220m,Effect of adding MLA attention inside the MoE setting.,10,144.04283767162065,151.69746564594823,7.654627974327579,8.407330309195487,5.314133002418416,4.751754340475785,1.5026366597494707,4.255427691478116,11.053828257177042,20000,4.8971420304004765,10.443957878311798,1.4102886654477516,14.513878467877191,1.6109056625938987,0,10,0,0.0,0.001953125,0.013671875,0.041015625,0.0546875
validation_perplexity,quality,lower_is_better,10m,v3_routing_vs_moe,routing_mechanism,moe_220m,v3_routing_220m,Effect of V3-style routing relative to standard MoE.,10,144.04283767162065,145.39787219063066,1.3550345190100075,1.2929552048877326,0.9407163458547836,2.683415766987925,0.8485705732889511,-0.5645654814468228,3.274634519466838,20000,-0.2334970437715441,3.0439512951436454,-3.9836856444745763,7.189304695066312,0.5049662954507433,1,9,0,0.1,0.14453125,0.43359375,0.578125,1.0
validation_perplexity,quality,lower_is_better,10m,mtp_vs_dense,objective_mechanism,dense_121m,mtp_121m,Effect of MTP objective relative to next-token-only dense baseline.,10,151.8424388311351,151.75724376734155,-0.08519506379358006,-0.3606824727767446,-0.05610754440550445,3.8885406202191604,1.2296645133976345,-2.8668894505444547,2.696499322957295,20000,-2.2152878067749526,2.3415809092597186,-5.540952781322943,7.846888496232282,-0.02190926419813982,6,4,0,0.6,0.939453125,1.0,1.0,1.0
validation_perplexity,quality,lower_is_better,25m,mla_vs_dense,attention_mechanism,dense_121m,mla_121m,Effect of MLA attention relative to dense baseline.,10,99.17259521985936,103.75039083495635,4.577795615096981,4.726179588592615,4.615988524801936,1.4262532331491082,0.4510208736930348,3.5575155151265827,5.59807571506738,20000,3.767917646591357,5.4331606095577625,2.5320250691358126,7.462127417959749,3.2096653726697593,0,10,0,0.0,0.001953125,0.013671875,0.041015625,0.0546875
validation_perplexity,quality,lower_is_better,25m,moe_vs_dense,sparse_ffn_mechanism,dense_121m,moe_220m,Effect of sparse MoE capacity relative to dense baseline.,10,99.17259521985936,96.9399217633304,-2.232673456528964,-1.9079823228729467,-2.251300827188467,1.8465523686019798,0.5839311303561047,-3.55361744561147,-0.9117294674464582,20000,-3.3789719212245997,-1.1770497668833415,-5.686736051259615,0.6323763389238763,-1.2091037841614618,9,1,0,0.9,0.00390625,0.013671875,0.041015625,0.0546875
validation_perplexity,quality,lower_is_better,25m,mla_moe_vs_dense,composition_supporting,dense_121m,mla_moe_220m,Supporting comparison for combined MLA plus MoE relative to dense baseline.,10,99.17259521985936,101.00970289344357,1.8371076735842067,1.9174785145529754,1.8524348077323733,0.890541948529278,0.28161409092769546,1.2000523406633277,2.4741630065050857,20000,1.3258645212195517,2.3726098951934618,0.44231424935298946,3.573440944208812,2.0629097558157405,0,10,0,0.0,0.001953125,0.013671875,0.041015625,0.0546875
validation_perplexity,quality,lower_is_better,25m,mla_moe_vs_mla,composition_mechanism,mla_121m,mla_moe_220m,Effect of adding MoE capacity on top of MLA.,10,103.75039083495635,101.00970289344357,-2.7406879415127747,-2.52682000316576,-2.6416169803857374,1.847576289833987,0.5842549226798796,-4.0623643997197485,-1.419011483305801,20000,-3.9087109719504722,-1.732980112039725,-6.755162269779959,-0.27675250296165643,-1.4833963591073351,10,0,0,1.0,0.001953125,0.013671875,0.041015625,0.0546875
validation_perplexity,quality,lower_is_better,25m,mla_moe_vs_moe,composition_mechanism,moe_220m,mla_moe_220m,Effect of adding MLA attention inside the MoE setting.,10,96.9399217633304,101.00970289344357,4.069781130113171,4.287254413079175,4.19825089197942,2.2575660321771482,0.7139050629908764,2.454815678351301,5.684746581875041,20000,2.727733992618842,5.36176091485184,0.7387192415697541,7.601508821990038,1.8027296088382234,0,10,0,0.0,0.001953125,0.013671875,0.041015625,0.0546875
validation_perplexity,quality,lower_is_better,25m,v3_routing_vs_moe,routing_mechanism,moe_220m,v3_routing_220m,Effect of V3-style routing relative to standard MoE.,10,96.9399217633304,97.1150621804029,0.17514041707249817,0.1945694164280809,0.1806690307632874,1.3194878429894088,0.4172586928749169,-0.7687643237304387,1.119045157875435,20000,-0.6677569580061344,0.8694115823787669,-2.896061914764445,1.492252534533904,0.1327336344954138,4,6,0,0.4,0.69140625,0.69140625,1.0,1.0
validation_perplexity,quality,lower_is_better,25m,mtp_vs_dense,objective_mechanism,dense_121m,mtp_121m,Effect of MTP objective relative to next-token-only dense baseline.,10,99.17259521985936,98.25853131864406,-0.9140639012153144,-0.5440851653110101,-0.9216900084029188,1.294879814206775,0.4094769509069066,-1.8403651186867145,0.012237316256085706,20000,-1.717888004028501,-0.19503271987388046,-3.587855324453969,0.7299718704864233,-0.7059063638081786,8,2,0,0.8,0.044921875,0.08984375,0.224609375,0.359375
validation_perplexity,quality,lower_is_better,50m,mla_vs_dense,attention_mechanism,dense_121m,mla_121m,Effect of MLA attention relative to dense baseline.,10,82.87346982580166,86.96830662905363,4.0948368032519635,4.125239021804077,4.941070781589364,0.745439055109252,0.2357285270989013,3.5615818272128,4.628091779291127,20000,3.695474911099538,4.554922880054098,3.2633031973181232,5.680741433712299,5.493187907429698,0,10,0,0.0,0.001953125,0.013671875,0.041015625,0.0546875
validation_perplexity,quality,lower_is_better,50m,moe_vs_dense,sparse_ffn_mechanism,dense_121m,moe_220m,Effect of sparse MoE capacity relative to dense baseline.,10,82.87346982580166,80.35843994884208,-2.515029876959582,-2.4215171847595514,-3.034782883166499,0.3795304412401492,0.12001806356875715,-2.7865295991199495,-2.2435301547992146,20000,-2.747096875775905,-2.2966885858527446,-3.201141997453263,-2.077157369304743,-6.626688148496074,10,0,0,1.0,0.001953125,0.013671875,0.041015625,0.0546875
validation_perplexity,quality,lower_is_better,50m,mla_moe_vs_dense,composition_supporting,dense_121m,mla_moe_220m,Supporting comparison for combined MLA plus MoE relative to dense baseline.,10,82.87346982580166,84.17887728185562,1.305407456053959,1.1351871767991213,1.5751813684136777,0.5356268106501834,0.16938006975063133,0.9222431180419997,1.6885717940659184,20000,1.0001827377791201,1.6219129379058956,0.6662329611995972,2.177568629465938,2.437158540419885,0,10,0,0.0,0.001953125,0.013671875,0.041015625,0.0546875
validation_perplexity,quality,lower_is_better,50m,mla_moe_vs_mla,composition_mechanism,mla_121m,mla_moe_220m,Effect of adding MoE capacity on top of MLA.,10,86.96830662905363,84.17887728185562,-2.7894293471980047,-2.4209486962164632,-3.207409061206368,1.0087096321970968,0.31898199354935414,-3.511016748691077,-2.0678419457049326,20000,-3.4282816894151993,-2.248955778847602,-4.836032893793913,-1.669592516285391,-2.7653442161767368,10,0,0,1.0,0.001953125,0.013671875,0.041015625,0.0546875
validation_perplexity,quality,lower_is_better,50m,mla_moe_vs_moe,composition_mechanism,moe_220m,mla_moe_220m,Effect of adding MLA attention inside the MoE setting.,10,80.35843994884208,84.17887728185562,3.8204373330135413,3.7080435361150563,4.754245273359854,0.5603926223745144,0.17721170706581013,3.4195566005530607,4.221318065474022,20000,3.483648363771702,4.142890121424332,2.786022246372454,4.515883803852304,6.817429745640577,0,10,0,0.0,0.001953125,0.013671875,0.041015625,0.0546875
validation_perplexity,quality,lower_is_better,50m,v3_routing_vs_moe,routing_mechanism,moe_220m,v3_routing_220m,Effect of V3-style routing relative to standard MoE.,10,80.35843994884208,80.75478510275848,0.39634515391639696,0.36544159418944844,0.49322156349565627,0.2929174077694897,0.0926286174863889,0.18680466339476687,0.6058856444380271,20000,0.23428518224273062,0.575891835806722,0.06237480983359944,0.9496186426003135,1.3530952528034774,0,10,0,0.0,0.001953125,0.013671875,0.041015625,0.0546875
validation_perplexity,quality,lower_is_better,50m,mtp_vs_dense,objective_mechanism,dense_121m,mtp_121m,Effect of MTP objective relative to next-token-only dense baseline.,10,82.87346982580166,81.43687122636393,-1.436598599437724,-1.4696537448287401,-1.7334843134448514,1.0295547709631132,0.3255738052136425,-2.173097714902606,-0.7000994839728422,20000,-2.02777798804174,-0.8179708509468029,-3.012635857549867,0.5745000967249894,-1.395359081376346,9,1,0,0.9,0.005859375,0.013671875,0.041015625,0.0546875
test_perplexity,quality,lower_is_better,10m,mla_vs_dense,attention_mechanism,dense_121m,mla_121m,Effect of MLA attention relative to dense baseline.,10,148.05060434261964,156.88159493409142,8.830990591471803,7.972620394033328,5.964846027264481,5.113591174214027,1.6170595133451207,5.172947830779677,12.48903335216393,20000,5.992315267099807,12.000783184353818,1.849341966909492,20.049914133716584,1.726964532480278,0,10,0,0.0,0.001953125,0.013671875,0.041015625,0.0546875
test_perplexity,quality,lower_is_better,10m,moe_vs_dense,sparse_ffn_mechanism,dense_121m,moe_220m,Effect of sparse MoE capacity relative to dense baseline.,10,148.05060434261964,140.27745681621968,-7.773147526399955,-7.078474665151987,-5.250331507199585,3.4406063256176007,1.0880152520934552,-10.23440902209461,-5.311886030705301,20000,-9.861196963087178,-5.821487867607894,-14.267117106264635,-3.406667279016091,-2.259237701367839,10,0,0,1.0,0.001953125,0.013671875,0.041015625,0.0546875
test_perplexity,quality,lower_is_better,10m,mla_moe_vs_dense,composition_supporting,dense_121m,mla_moe_220m,Supporting comparison for combined MLA plus MoE relative to dense baseline.,10,148.05060434261964,148.07947448527148,0.028870142651845752,-0.8096647639432746,0.01950018561561173,2.5295977165689703,0.7999290348318998,-1.7806950531776244,1.8384353384813161,20000,-1.3687521842724237,1.5588976426294494,-3.412860305106733,4.357136688133863,0.011412938295581593,6,4,0,0.6,0.970703125,1.0,1.0,1.0
test_perplexity,quality,lower_is_better,10m,mla_moe_vs_mla,composition_mechanism,mla_121m,mla_moe_220m,Effect of adding MoE capacity on top of MLA.,10,156.88159493409142,148.07947448527148,-8.802120448819958,-7.79748728743408,-5.6106775638773145,6.638931476927768,2.0994144696877344,-13.551325928986145,-4.052914968653769,20000,-12.924666615453457,-5.1217816353637575,-23.462774438823317,1.7592926396617656,-1.3258339055629518,9,1,0,0.9,0.00390625,0.015625,0.041015625,0.0625
test_perplexity,quality,lower_is_better,10m,mla_moe_vs_moe,composition_mechanism,moe_220m,mla_moe_220m,Effect of adding MLA attention inside the MoE setting.,10,140.27745681621968,148.07947448527148,7.802017669051802,7.927217464142686,5.561847103682085,4.692079096054074,1.483765690519484,4.4455064844138175,11.158528853689786,20000,5.094844093874457,10.623432388291036,2.1884780588313504,14.923122794525227,1.6628060843247745,0,10,0,0.0,0.001953125,0.013671875,0.041015625,0.0546875
test_perplexity,quality,lower_is_better,10m,v3_routing_vs_moe,routing_mechanism,moe_220m,v3_routing_220m,Effect of V3-style routing relative to standard MoE.,10,140.27745681621968,141.3985735774652,1.1211167612455313,1.0313910893701745,0.7992137772459967,2.505468699133865,0.7922987695522151,-0.6711875753278864,2.913421097818949,20000,-0.3932176430079636,2.577103714704566,-4.317810660447321,5.9024589439880515,0.44746787762030266,1,9,0,0.1,0.203125,0.609375,0.83984375,1.0
test_perplexity,quality,lower_is_better,10m,mtp_vs_dense,objective_mechanism,dense_121m,mtp_121m,Effect of MTP objective relative to next-token-only dense baseline.,10,148.05060434261964,148.10638284666805,0.05577850404841058,0.21448990784986677,0.03767529642724566,3.840445025760727,1.2144553510067924,-2.69151036706073,2.803067375157551,20000,-2.130143571535592,2.3156571176280236,-6.260272663292142,7.1967412059605635,0.014523968882320298,5,5,0,0.5,0.96484375,1.0,1.0,1.0
test_perplexity,quality,lower_is_better,25m,mla_vs_dense,attention_mechanism,dense_121m,mla_121m,Effect of MLA attention relative to dense baseline.,10,95.59120041355956,99.93966551142272,4.3484650978631665,4.003700102960217,4.54902237763544,1.238919219366889,0.39178065701571607,3.4621956783716925,5.2347345173546405,20000,3.675261634532106,5.117262674593365,2.791920890142066,6.925935395706674,3.509885898844409,0,10,0,0.0,0.001953125,0.013671875,0.041015625,0.0546875
test_perplexity,quality,lower_is_better,25m,moe_vs_dense,sparse_ffn_mechanism,dense_121m,moe_220m,Effect of sparse MoE capacity relative to dense baseline.,10,95.59120041355956,93.5153935313225,-2.075806882237049,-1.6930338921884598,-2.1715459929956027,1.477488359544854,0.4672228432547518,-3.132738383701997,-1.0188753807721005,20000,-2.9840912144757255,-1.2654665976432569,-5.181137297304943,-0.2081709365815243,-1.4049565052928803,10,0,0,1.0,0.001953125,0.013671875,0.041015625,0.0546875
test_perplexity,quality,lower_is_better,25m,mla_moe_vs_dense,composition_supporting,dense_121m,mla_moe_220m,Supporting comparison for combined MLA plus MoE relative to dense baseline.,10,95.59120041355956,97.56534306802243,1.9741426544628822,2.1436363324775627,2.065192869136573,0.9487963933500243,0.3000357638739112,1.2954146021370492,2.652870706788715,20000,1.4156924520772336,2.525516353330809,0.6257390400149063,3.547081414102138,2.0806810273514533,0,10,0,0.0,0.001953125,0.013671875,0.041015625,0.0546875
test_perplexity,quality,lower_is_better,25m,mla_moe_vs_mla,composition_mechanism,mla_121m,mla_moe_220m,Effect of adding MoE capacity on top of MLA.,10,99.93966551142272,97.56534306802243,-2.374322443400284,-1.9695215613652763,-2.3757558435383275,1.7833743362413164,0.5639524823213526,-3.650071590729094,-1.0985732960714736,20000,-3.518198255360106,-1.42642201542252,-6.300196355691767,0.16140964743637198,-1.331365151527561,9,1,0,0.9,0.00390625,0.013671875,0.041015625,0.0546875
test_perplexity,quality,lower_is_better,25m,mla_moe_vs_moe,composition_mechanism,moe_220m,mla_moe_220m,Effect of adding MLA attention inside the MoE setting.,10,93.5153935313225,97.56534306802243,4.049949536699931,4.4078022819871165,4.3307838247437,1.9793516624536822,0.6259259543794422,2.634006655654985,5.465892417744878,20000,2.885807588327059,5.203495224932453,1.3083732217771598,7.395201472674145,2.0460990401672507,0,10,0,0.0,0.001953125,0.013671875,0.041015625,0.0546875
test_perplexity,quality,lower_is_better,25m,v3_routing_vs_moe,routing_mechanism,moe_220m,v3_routing_220m,Effect of V3-style routing relative to standard MoE.,10,93.5153935313225,93.5926164419337,0.07722291061119932,0.33032463951842317,0.08257775291865066,1.027083358219473,0.3247922758828156,-0.6575082626800602,0.8119540839024589,20000,-0.5721445358805554,0.6218958099414692,-2.290610625990979,1.1687233960382173,0.07518660485851032,4,6,0,0.4,0.833984375,0.833984375,1.0,1.0
test_perplexity,quality,lower_is_better,25m,mtp_vs_dense,objective_mechanism,dense_121m,mtp_121m,Effect of MTP objective relative to next-token-only dense baseline.,10,95.59120041355956,94.72761484862026,-0.8635855649392908,-0.7457456118347068,-0.9034153365614517,1.2038864351427228,0.38070231792315806,-1.7247940403012612,-0.0023770895773206346,20000,-1.603880302578851,-0.1825058892899733,-3.120223858854473,0.6622741641161412,-0.71733141908598,8,2,0,0.8,0.044921875,0.08984375,0.26953125,0.359375
test_perplexity,quality,lower_is_better,50m,mla_vs_dense,attention_mechanism,dense_121m,mla_121m,Effect of MLA attention relative to dense baseline.,10,79.75382780749416,83.7653686729839,4.011540865489742,3.932197390700445,5.0299038626366634,0.8864607399176025,0.2803234994457766,3.377405053333858,4.645676677645627,20000,3.536298267619041,4.566331275811973,2.7760761318463523,6.06620740815508,4.525345212538819,0,10,0,0.0,0.001953125,0.013671875,0.041015625,0.0546875
test_perplexity,quality,lower_is_better,50m,moe_vs_dense,sparse_ffn_mechanism,dense_121m,moe_220m,Effect of sparse MoE capacity relative to dense baseline.,10,79.75382780749416,77.62374527434972,-2.1300825331444457,-2.22080494757477,-2.6708216918264203,0.6228860948371466,0.19697387825330312,-2.575668402708027,-1.684496663580864,20000,-2.49734642157848,-1.7655657719314803,-3.084061071070707,-1.3019587520265077,-3.4196983217314476,10,0,0,1.0,0.001953125,0.013671875,0.041015625,0.0546875
test_perplexity,quality,lower_is_better,50m,mla_moe_vs_dense,composition_supporting,dense_121m,mla_moe_220m,Supporting comparison for combined MLA plus MoE relative to dense baseline.,10,79.75382780749416,81.1752447742916,1.4214169667974546,1.3514853161400353,1.7822554802365103,0.2839872542082165,0.08980465497552016,1.2182647232970982,1.6245692102978109,20000,1.2660719777194558,1.5967864792654551,1.1226906786994846,1.9452063593020767,5.005213951451801,0,10,0,0.0,0.001953125,0.013671875,0.041015625,0.0546875
test_perplexity,quality,lower_is_better,50m,mla_moe_vs_mla,composition_mechanism,mla_121m,mla_moe_220m,Effect of adding MoE capacity on top of MLA.,10,83.7653686729839,81.1752447742916,-2.590123898692288,-2.354928497778346,-3.0921178283163906,0.7670030855281863,0.24254767226460003,-3.1388048528118073,-2.0414429445727684,20000,-3.062502423671347,-2.1577818789771173,-4.121001048853003,-1.38550611127323,-3.376940650647623,10,0,0,1.0,0.001953125,0.013671875,0.041015625,0.0546875
test_perplexity,quality,lower_is_better,50m,mla_moe_vs_moe,composition_mechanism,moe_220m,mla_moe_220m,Effect of adding MLA attention inside the MoE setting.,10,77.62374527434972,81.1752447742916,3.5514994999419,3.791634901229017,4.575274598500301,0.732458375363382,0.2316236757414848,3.0275303428029035,4.075468657080897,20000,3.111576301176437,3.9643029876484532,2.4839435690205534,4.604424607869092,4.848739012889238,0,10,0,0.0,0.001953125,0.013671875,0.041015625,0.0546875
test_perplexity,quality,lower_is_better,50m,v3_routing_vs_moe,routing_mechanism,moe_220m,v3_routing_220m,Effect of V3-style routing relative to standard MoE.,10,77.62374527434972,77.85631350387435,0.2325682295246409,0.2952586925054206,0.2996096474122225,0.4887600958213228,0.15455951321975253,-0.11706968037518328,0.5822061394244651,20000,-0.04993585430714944,0.5131335026140207,-0.5820439213139394,1.06276469693033,0.4758330958541702,3,7,0,0.3,0.16796875,0.16796875,0.83984375,0.33203125
test_perplexity,quality,lower_is_better,50m,mtp_vs_dense,objective_mechanism,dense_121m,mtp_121m,Effect of MTP objective relative to next-token-only dense baseline.,10,79.75382780749416,78.57476029441011,-1.179067513084037,-1.1395640084987733,-1.478383603016537,0.9514007697957996,0.3008593400192256,-1.8596586240860555,-0.49847640208201827,20000,-1.7209000241419887,-0.6078569430804223,-2.6464763405095653,0.6463877935356379,-1.2392963622860025,9,1,0,0.9,0.005859375,0.013671875,0.041015625,0.0546875
train_loss,optimization,lower_is_better,10m,mla_vs_dense,attention_mechanism,dense_121m,mla_121m,Effect of MLA attention relative to dense baseline.,10,5.0202264308929445,5.044100761413574,0.023874330520629882,0.012038946151733398,0.4755628226988831,0.0545846808930713,0.017261191697557913,-0.015173197915446083,0.06292185895670585,20000,-0.0073929309844970705,0.056464099884033205,-0.06985998153686523,0.1160898208618164,0.4373815167555622,2,8,0,0.2,0.21484375,0.21484375,0.21484375,0.6953125
train_loss,optimization,lower_is_better,10m,moe_vs_dense,sparse_ffn_mechanism,dense_121m,moe_220m,Effect of sparse MoE capacity relative to dense baseline.,10,5.0202264308929445,5.078613519668579,0.05838708877563477,0.05320239067077637,1.1630369581805793,0.032255405576940455,0.010200054847562935,0.0353129616418693,0.08146121590940024,20000,0.04061250686645508,0.07830934524536133,0.023435592651367188,0.11495494842529297,1.8101489574006777,0,10,0,0.0,0.001953125,0.013671875,0.041015625,0.02734375
train_loss,optimization,lower_is_better,10m,mla_moe_vs_dense,composition_supporting,dense_121m,mla_moe_220m,Supporting comparison for combined MLA plus MoE relative to dense baseline.,10,5.0202264308929445,5.125096559524536,0.1048701286315918,0.10501241683959961,2.088952163317833,0.017600819982300515,0.005565867983067413,0.0922792605068251,0.1174609967563585,20000,0.09442701339721679,0.11511554718017578,0.0777425765991211,0.12573528289794922,5.958252441479988,0,10,0,0.0,0.001953125,0.013671875,0.041015625,0.02734375
train_loss,optimization,lower_is_better,10m,mla_moe_vs_mla,composition_mechanism,mla_121m,mla_moe_220m,Effect of adding MoE capacity on top of MLA.,10,5.044100761413574,5.125096559524536,0.08099579811096191,0.08832216262817383,1.605752976438627,0.0624128715292193,0.019736682934380925,0.036348319442204215,0.12564327677971962,20000,0.04441814422607422,0.11741137504577637,-0.02505636215209961,0.19472026824951172,1.2977418940425263,1,9,0,0.1,0.005859375,0.017578125,0.041015625,0.052734375
train_loss,optimization,lower_is_better,10m,mla_moe_vs_moe,composition_mechanism,moe_220m,mla_moe_220m,Effect of adding MLA attention inside the MoE setting.,10,5.078613519668579,5.125096559524536,0.04648303985595703,0.04808616638183594,0.9152702735881826,0.035342310990197905,0.011176220050302622,0.02120067361679547,0.0717654060951186,20000,0.0257138729095459,0.06678671836853027,-0.00881814956665039,0.09835338592529297,1.315223553684675,1,9,0,0.1,0.005859375,0.017578125,0.041015625,0.052734375
train_loss,optimization,lower_is_better,10m,v3_routing_vs_moe,routing_mechanism,moe_220m,v3_routing_220m,Effect of V3-style routing relative to standard MoE.,10,5.078613519668579,4.962110185623169,-0.11650333404541016,-0.10509490966796875,-2.293998816689106,0.03627275294061988,0.011470451629692912,-0.14245129835939407,-0.09055536973142626,20000,-0.1400888442993164,-0.09729318618774414,-0.19911766052246094,-0.0710592269897461,-3.2118690918257937,10,0,0,1.0,0.001953125,0.013671875,0.041015625,0.02734375
train_loss,optimization,lower_is_better,10m,mtp_vs_dense,objective_mechanism,dense_121m,mtp_121m,Effect of MTP objective relative to next-token-only dense baseline.,10,5.0202264308929445,7.024555730819702,2.004329299926758,1.9963443279266357,39.92507763380404,0.06684459785973779,0.021138117851478785,1.956511555222172,2.0521470446313437,20000,1.9639613151550293,2.0433342933654783,1.8861289024353027,2.1000547409057617,29.984910734783803,0,10,0,0.0,0.001953125,0.013671875,0.041015625,0.02734375
train_loss,optimization,lower_is_better,25m,mla_vs_dense,attention_mechanism,dense_121m,mla_121m,Effect of MLA attention relative to dense baseline.,10,4.619069194793701,4.677301454544067,0.05823225975036621,0.05558061599731445,1.2606925182242699,0.034911591221084455,0.011040014499936588,0.03325801187257025,0.08320650762816217,20000,0.038646507263183597,0.07981572151184083,0.01618671417236328,0.13132047653198242,1.6679921399628872,0,10,0,0.0,0.001953125,0.013671875,0.041015625,0.02734375
train_loss,optimization,lower_is_better,25m,moe_vs_dense,sparse_ffn_mechanism,dense_121m,moe_220m,Effect of sparse MoE capacity relative to dense baseline.,10,4.619069194793701,4.744822978973389,0.1257537841796875,0.12985730171203613,2.722491889089442,0.020949358428635118,0.006624768815373297,0.11076751595248764,0.14074005240688736,20000,0.11212596893310547,0.1366220474243164,0.0756230354309082,0.15021085739135742,6.002751091785131,0,10,0,0.0,0.001953125,0.013671875,0.041015625,0.02734375
train_loss,optimization,lower_is_better,25m,mla_moe_vs_dense,composition_supporting,dense_121m,mla_moe_220m,Supporting comparison for combined MLA plus MoE relative to dense baseline.,10,4.619069194793701,4.7764198780059814,0.15735068321228027,0.15379929542541504,3.406545270844507,0.03457959512292711,0.010935028115489983,0.1326139310360505,0.18208743538851005,20000,0.13745517730712892,0.17780985832214355,0.10231781005859375,0.21091842651367188,4.550391138268503,0,10,0,0.0,0.001953125,0.013671875,0.041015625,0.02734375
train_loss,optimization,lower_is_better,25m,mla_moe_vs_mla,composition_mechanism,mla_121m,mla_moe_220m,Effect of adding MoE capacity on top of MLA.,10,4.677301454544067,4.7764198780059814,0.09911842346191406,0.10042929649353027,2.119136951620235,0.044293643805981456,0.014006880029511067,0.06743265947550185,0.13080418744832628,20000,0.07188954353332519,0.12419614791870118,0.011374950408935547,0.17161846160888672,2.2377572704580473,0,10,0,0.0,0.001953125,0.013671875,0.041015625,0.02734375
train_loss,optimization,lower_is_better,25m,mla_moe_vs_moe,composition_mechanism,moe_220m,mla_moe_220m,Effect of adding MLA attention inside the MoE setting.,10,4.744822978973389,4.7764198780059814,0.03159689903259277,0.023941993713378906,0.6659236640147368,0.04077836024750832,0.012895249762899385,0.0024258174161158573,0.060767980649069686,20000,0.008717966079711915,0.056671762466430665,-0.03309059143066406,0.11689090728759766,0.7748447667049937,1,9,0,0.1,0.03125,0.03125,0.0625,0.1875
train_loss,optimization,lower_is_better,25m,v3_routing_vs_moe,routing_mechanism,moe_220m,v3_routing_220m,Effect of V3-style routing relative to standard MoE.,10,4.744822978973389,4.602771759033203,-0.14205121994018555,-0.1351938247680664,-2.9938149551560382,0.03177886157875068,0.01004935840360665,-0.1647844480338557,-0.11931799184651538,20000,-0.16120853424072265,-0.12390117645263672,-0.19165992736816406,-0.0854940414428711,-4.469990832999815,10,0,0,1.0,0.001953125,0.013671875,0.041015625,0.02734375
train_loss,optimization,lower_is_better,25m,mtp_vs_dense,objective_mechanism,dense_121m,mtp_121m,Effect of MTP objective relative to next-token-only dense baseline.,10,4.619069194793701,6.596292161941529,1.9772229671478272,1.976618766784668,42.80565810480643,0.04573937485809529,0.014464060330382196,1.9445029894691352,2.009942944826519,20000,1.950364637374878,2.0040567398071287,1.9108915328979492,2.0514488220214844,43.22802778311002,0,10,0,0.0,0.001953125,0.013671875,0.041015625,0.02734375
train_loss,optimization,lower_is_better,50m,mla_vs_dense,attention_mechanism,dense_121m,mla_121m,Effect of MLA attention relative to dense baseline.,10,4.540519714355469,4.596685934066772,0.056166219711303714,0.0592646598815918,1.236999798365077,0.04254560901043065,0.013454102891194334,0.025730924487734168,0.08660151493487325,20000,0.029057788848876952,0.07872071266174316,-0.04040193557739258,0.09993600845336914,1.3201413969073468,1,9,0,0.1,0.0078125,0.015625,0.041015625,0.0625
train_loss,optimization,lower_is_better,50m,moe_vs_dense,sparse_ffn_mechanism,dense_121m,moe_220m,Effect of sparse MoE capacity relative to dense baseline.,10,4.540519714355469,4.632522249221802,0.092002534866333,0.09706473350524902,2.026255597469482,0.01865950773521575,0.005900654446081184,0.07865432714627098,0.10535074258639503,20000,0.08099002838134765,0.10263447761535645,0.056887149810791016,0.12470483779907227,4.930598179323792,0,10,0,0.0,0.001953125,0.013671875,0.041015625,0.02734375
train_loss,optimization,lower_is_better,50m,mla_moe_vs_dense,composition_supporting,dense_121m,mla_moe_220m,Supporting comparison for combined MLA plus MoE relative to dense baseline.,10,4.540519714355469,4.674181509017944,0.13366179466247557,0.11922979354858398,2.9437554084367408,0.03329778122696411,0.010529682970720265,0.10984199690886888,0.15748159241608226,20000,0.11543240547180175,0.15435609817504883,0.09170770645141602,0.18926239013671875,4.014135168689197,0,10,0,0.0,0.001953125,0.013671875,0.041015625,0.02734375
train_loss,optimization,lower_is_better,50m,mla_moe_vs_mla,composition_mechanism,mla_121m,mla_moe_220m,Effect of adding MoE capacity on top of MLA.,10,4.596685934066772,4.674181509017944,0.07749557495117188,0.07520747184753418,1.685901017879856,0.03894340371867419,0.012314985559048157,0.04963714215971921,0.10535400774262454,20000,0.05476789474487305,0.1004023551940918,0.017035961151123047,0.14565563201904297,1.9899538189059498,0,10,0,0.0,0.001953125,0.013671875,0.041015625,0.02734375
train_loss,optimization,lower_is_better,50m,mla_moe_vs_moe,composition_mechanism,moe_220m,mla_moe_220m,Effect of adding MLA attention inside the MoE setting.,10,4.632522249221802,4.674181509017944,0.04165925979614258,0.038729190826416016,0.8992781373719412,0.041309576361349784,0.013063235047851618,0.012108169064075882,0.07121035052820927,20000,0.017862749099731446,0.06657576560974121,-0.011073112487792969,0.10069417953491211,1.0084649484597468,2,8,0,0.2,0.013671875,0.015625,0.041015625,0.068359375
train_loss,optimization,lower_is_better,50m,v3_routing_vs_moe,routing_mechanism,moe_220m,v3_routing_220m,Effect of V3-style routing relative to standard MoE.,10,4.632522249221802,4.519783067703247,-0.11273918151855469,-0.11655569076538086,-2.433645764734174,0.0417065079822419,0.013188755847587776,-0.14257422002681752,-0.08290414301029186,20000,-0.13687567710876464,-0.08775472640991211,-0.17510414123535156,-0.04953622817993164,-2.7031556218170456,10,0,0,1.0,0.001953125,0.013671875,0.041015625,0.02734375
train_loss,optimization,lower_is_better,50m,mtp_vs_dense,objective_mechanism,dense_121m,mtp_121m,Effect of MTP objective relative to next-token-only dense baseline.,10,4.540519714355469,6.509416913986206,1.9688971996307374,1.9767491817474365,43.36281578969478,0.05730129596307312,0.018120260812272266,1.9279063218435208,2.009888077417954,20000,1.9348653316497804,2.00219349861145,1.8828129768371582,2.055516242980957,34.36043053720043,0,10,0,0.0,0.001953125,0.013671875,0.041015625,0.02734375
lm_loss,optimization,lower_is_better,10m,mla_vs_dense,attention_mechanism,dense_121m,mla_121m,Effect of MLA attention relative to dense baseline.,10,5.0202264308929445,5.044100761413574,0.023874330520629882,0.012038946151733398,0.4755628226988831,0.0545846808930713,0.017261191697557913,-0.015173197915446083,0.06292185895670585,20000,-0.007350015640258789,0.05654983520507813,-0.06985998153686523,0.1160898208618164,0.4373815167555622,2,8,0,0.2,0.21484375,0.521484375,1.0,0.6953125
lm_loss,optimization,lower_is_better,10m,moe_vs_dense,sparse_ffn_mechanism,dense_121m,moe_220m,Effect of sparse MoE capacity relative to dense baseline.,10,5.0202264308929445,4.956541395187378,-0.06368503570556641,-0.06896090507507324,-1.2685689895114711,0.03200720173050142,0.010121565899686734,-0.08658160850369773,-0.0407884629074351,20000,-0.08160176277160644,-0.044188928604125974,-0.09895706176757812,-0.008496284484863281,-1.9897095735450512,10,0,0,1.0,0.001953125,0.013671875,0.041015625,0.02734375
lm_loss,optimization,lower_is_better,10m,mla_moe_vs_dense,composition_supporting,dense_121m,mla_moe_220m,Supporting comparison for combined MLA plus MoE relative to dense baseline.,10,5.0202264308929445,5.0029520988464355,-0.01727433204650879,-0.017789840698242188,-0.3440946794791528,0.017646029585146116,0.005580164514777786,-0.02989754117288647,-0.0046511229201311125,20000,-0.027764129638671874,-0.007130146026611328,-0.044286251068115234,0.003338336944580078,-0.9789359109456436,8,2,0,0.8,0.025390625,0.126953125,0.330078125,0.15234375
lm_loss,optimization,lower_is_better,10m,mla_moe_vs_mla,composition_mechanism,mla_121m,mla_moe_220m,Effect of adding MoE capacity on top of MLA.,10,5.044100761413574,5.0029520988464355,-0.04114866256713867,-0.033831119537353516,-0.8157779654585458,0.06252887744226064,0.019773367225106732,-0.08587912686692184,0.0035818017326444893,20000,-0.07855591773986817,-0.004700660705566406,-0.14692163467407227,0.07307720184326172,-0.658074544919433,8,2,0,0.8,0.072265625,0.2890625,0.794921875,0.361328125
lm_loss,optimization,lower_is_better,10m,mla_moe_vs_moe,composition_mechanism,moe_220m,mla_moe_220m,Effect of adding MLA attention inside the MoE setting.,10,4.956541395187378,5.0029520988464355,0.04641070365905762,0.04832100868225098,0.9363525886038343,0.03532479328193611,0.01117068046455326,0.021140868833477596,0.07168053848463764,20000,0.025274944305419923,0.06694927215576171,-0.008301734924316406,0.09874105453491211,1.3138280325844247,1,9,0,0.1,0.005859375,0.03515625,0.10546875,0.052734375
lm_loss,optimization,lower_is_better,10m,v3_routing_vs_moe,routing_mechanism,moe_220m,v3_routing_220m,Effect of V3-style routing relative to standard MoE.,10,4.956541395187378,4.962110185623169,0.005568790435791016,0.016650915145874023,0.11235234393882214,0.03589749996247653,0.011351786218723476,-0.020110734068798774,0.031248314940380804,20000,-0.016609716415405273,0.024600124359130858,-0.07566642761230469,0.05125904083251953,0.15513031385506076,3,7,0,0.3,0.658203125,0.658203125,1.0,0.6953125
lm_loss,optimization,lower_is_better,10m,mtp_vs_dense,objective_mechanism,dense_121m,mtp_121m,Effect of MTP objective relative to next-token-only dense baseline.,10,5.0202264308929445,4.998446941375732,-0.021779489517211915,-0.022812604904174805,-0.4338348044061831,0.04679894148437159,0.014799124717555548,-0.05525743549932745,0.011698456464903622,20000,-0.04875693321228027,0.005574512481689453,-0.08106136322021484,0.05290079116821289,-0.46538423362599196,7,3,0,0.7,0.173828125,0.521484375,1.0,0.6953125
lm_loss,optimization,lower_is_better,25m,mla_vs_dense,attention_mechanism,dense_121m,mla_121m,Effect of MLA attention relative to dense baseline.,10,4.619069194793701,4.677301454544067,0.05823225975036621,0.05558061599731445,1.2606925182242699,0.034911591221084455,0.011040014499936588,0.03325801187257025,0.08320650762816217,20000,0.03908448219299317,0.07963767051696777,0.01618671417236328,0.13132047653198242,1.6679921399628872,0,10,0,0.0,0.001953125,0.013671875,0.041015625,0.02734375
lm_loss,optimization,lower_is_better,25m,moe_vs_dense,sparse_ffn_mechanism,dense_121m,moe_220m,Effect of sparse MoE capacity relative to dense baseline.,10,4.619069194793701,4.6229567527771,0.0038875579833984376,0.008225202560424805,0.08416323331506328,0.021144275133490757,0.00668640688950916,-0.011238145254705421,0.019013261221502296,20000,-0.009955787658691406,0.014880084991455078,-0.04694509506225586,0.027822494506835938,0.18385865482997202,3,7,0,0.3,0.59375,1.0,1.0,1.0
lm_loss,optimization,lower_is_better,25m,mla_moe_vs_dense,composition_supporting,dense_121m,mla_moe_220m,Supporting comparison for combined MLA plus MoE relative to dense baseline.,10,4.619069194793701,4.65458664894104,0.03551745414733887,0.031801700592041016,0.7689309826181369,0.03436547559817243,0.010867317576516223,0.010933873851841618,0.06010103444283611,20000,0.015575027465820313,0.05540032386779785,-0.018763065338134766,0.08906984329223633,1.0335213911379042,1,9,0,0.1,0.009765625,0.05859375,0.146484375,0.068359375
lm_loss,optimization,lower_is_better,25m,mla_moe_vs_mla,composition_mechanism,mla_121m,mla_moe_220m,Effect of adding MoE capacity on top of MLA.,10,4.677301454544067,4.65458664894104,-0.022714805603027344,-0.02135944366455078,-0.48563911956026645,0.0440488845710448,0.013929480363435056,-0.05422547938043194,0.008795868174377258,20000,-0.049513053894042966,0.002201557159423828,-0.11017942428588867,0.0484013557434082,-0.5156726628659912,7,3,0,0.7,0.142578125,0.427734375,1.0,0.427734375
lm_loss,optimization,lower_is_better,25m,mla_moe_vs_moe,composition_mechanism,moe_220m,mla_moe_220m,Effect of adding MLA attention inside the MoE setting.,10,4.6229567527771,4.65458664894104,0.03162989616394043,0.02357649803161621,0.6841919112684699,0.04061521131256752,0.01284365753967503,0.002575524264772217,0.06068426806310864,20000,0.008611917495727539,0.05668644905090332,-0.03275299072265625,0.1162419319152832,0.7787697057765455,1,9,0,0.1,0.03125,0.15625,0.375,0.1875
lm_loss,optimization,lower_is_better,25m,v3_routing_vs_moe,routing_mechanism,moe_220m,v3_routing_220m,Effect of V3-style routing relative to standard MoE.,10,4.6229567527771,4.602771759033203,-0.020184993743896484,-0.01333928108215332,-0.43662519083205714,0.03204336785910829,0.01013300263374156,-0.043107438231888284,0.0027374507440953155,20000,-0.039098072052001956,-0.0014010429382324218,-0.0701742172241211,0.036914825439453125,-0.62992734823156,8,2,0,0.8,0.087890625,0.3515625,0.87890625,0.3515625
lm_loss,optimization,lower_is_better,25m,mtp_vs_dense,objective_mechanism,dense_121m,mtp_121m,Effect of MTP objective relative to next-token-only dense baseline.,10,4.619069194793701,4.612645673751831,-0.006423521041870117,-0.010670661926269531,-0.1390652698840336,0.031026723815697002,0.009811511559059283,-0.028618702192512106,0.015771660108771873,20000,-0.02506566047668457,0.01163325309753418,-0.06114625930786133,0.039299964904785156,-0.2070318825805365,6,4,0,0.6,0.529296875,1.0,1.0,1.0
lm_loss,optimization,lower_is_better,50m,mla_vs_dense,attention_mechanism,dense_121m,mla_121m,Effect of MLA attention relative to dense baseline.,10,4.540519714355469,4.596685934066772,0.056166219711303714,0.0592646598815918,1.236999798365077,0.04254560901043065,0.013454102891194334,0.025730924487734168,0.08660151493487325,20000,0.028960418701171876,0.07881784439086914,-0.04040193557739258,0.09993600845336914,1.3201413969073468,1,9,0,0.1,0.0078125,0.046875,0.1328125,0.0625
lm_loss,optimization,lower_is_better,50m,moe_vs_dense,sparse_ffn_mechanism,dense_121m,moe_220m,Effect of sparse MoE capacity relative to dense baseline.,10,4.540519714355469,4.5113402843475345,-0.02917943000793457,-0.023952722549438477,-0.6426451561410437,0.01883465875249957,0.005956042060992422,-0.042652933217795196,-0.015705926798073942,20000,-0.04039034843444824,-0.01829662322998047,-0.06456136703491211,0.003943920135498047,-1.5492412361366585,9,1,0,0.9,0.00390625,0.02734375,0.07421875,0.03515625
lm_loss,optimization,lower_is_better,50m,mla_moe_vs_dense,composition_supporting,dense_121m,mla_moe_220m,Supporting comparison for combined MLA plus MoE relative to dense baseline.,10,4.540519714355469,4.552840232849121,0.012320518493652344,-0.0021486282348632812,0.2713459971267023,0.03337875562965093,0.010555289325186465,-0.011557204858121745,0.03619824184542643,20000,-0.006171035766601563,0.03253979682922363,-0.030179500579833984,0.06810426712036133,0.3691125765847248,6,4,0,0.6,0.298828125,0.59765625,1.0,0.59765625
lm_loss,optimization,lower_is_better,50m,mla_moe_vs_mla,composition_mechanism,mla_121m,mla_moe_220m,Effect of adding MoE capacity on top of MLA.,10,4.596685934066772,4.552840232849121,-0.04384570121765137,-0.04599642753601074,-0.9538546214938003,0.03911384418113321,0.01236888356573045,-0.07182605977097783,-0.015865342664324898,20000,-0.06670193672180176,-0.021049022674560547,-0.10443115234375,0.024521350860595703,-1.1209765272522254,9,1,0,0.9,0.0078125,0.046875,0.1328125,0.0625
lm_loss,optimization,lower_is_better,50m,mla_moe_vs_moe,composition_mechanism,moe_220m,mla_moe_220m,Effect of adding MLA attention inside the MoE setting.,10,4.5113402843475345,4.552840232849121,0.04149994850158691,0.03854513168334961,0.9199028644674486,0.04157750015337022,0.013147959990065001,0.011757196634629395,0.07124270036854444,20000,0.01781153678894043,0.06643552780151367,-0.011782646179199219,0.10112237930297852,0.9981347687692325,2,8,0,0.2,0.013671875,0.0546875,0.19140625,0.068359375
lm_loss,optimization,lower_is_better,50m,v3_routing_vs_moe,routing_mechanism,moe_220m,v3_routing_220m,Effect of V3-style routing relative to standard MoE.,10,4.5113402843475345,4.519783067703247,0.00844278335571289,0.004620552062988281,0.18714578869179566,0.04189801172389706,0.013249314647995251,-0.02152924867665871,0.038414815388084486,20000,-0.01544780731201172,0.032976293563842775,-0.05392646789550781,0.07149410247802734,0.20150797157988865,5,5,0,0.5,0.529296875,0.59765625,1.0,0.59765625
lm_loss,optimization,lower_is_better,50m,mtp_vs_dense,objective_mechanism,dense_121m,mtp_121m,Effect of MTP objective relative to next-token-only dense baseline.,10,4.540519714355469,4.524714088439941,-0.015805625915527345,-0.023525238037109375,-0.3481016912129181,0.03241844729730317,0.010251613166560779,-0.03899638606991267,0.007385134238857977,20000,-0.03367891311645508,0.004179859161376953,-0.05230379104614258,0.04793691635131836,-0.48755036817701586,7,3,0,0.7,0.150390625,0.451171875,1.0,0.451171875
train_tokens_per_second,efficiency,higher_is_better,10m,mla_vs_dense,attention_mechanism,dense_121m,mla_121m,Effect of MLA attention relative to dense baseline.,10,4183.045901652817,3655.266577959335,-527.7793236934814,-532.1134342022835,-12.617105719182852,11.033086430139695,3.4889682740737653,-535.6719182652535,-519.8867291217093,20000,-533.8869303717865,-521.033283149802,-542.863732218867,-508.0471358285449,-47.83605449257764,0,10,0,0.0,0.0,0.0,0.0,0.0
train_tokens_per_second,efficiency,higher_is_better,10m,moe_vs_dense,sparse_ffn_mechanism,dense_121m,moe_220m,Effect of sparse MoE capacity relative to dense baseline.,10,4183.045901652817,2180.4413898905577,-2002.604511762259,-2002.9539909033651,-47.87431357066831,16.63198507921763,5.259495486026371,-2014.5023171483776,-1990.7067063761406,20000,-2011.8297127892038,-1992.5544897366046,-2028.641664872469,-1968.5985829133642,-120.40682469494267,0,10,0,0.0,0.001953125,0.009765625,0.033203125,0.0234375
train_tokens_per_second,efficiency,higher_is_better,10m,mla_moe_vs_dense,composition_supporting,dense_121m,mla_moe_220m,Supporting comparison for combined MLA plus MoE relative to dense baseline.,10,4183.045901652817,2039.9560731307586,-2143.089828522058,-2143.6041007347567,-51.23275906858383,10.416608753966859,3.2940209157383773,-2150.541421530814,-2135.6382355133014,20000,-2149.5178696733246,-2137.3668525468756,-2164.742274677761,-2128.8643789852713,-205.73776736175535,0,10,0,0.0,0.001953125,0.009765625,0.033203125,0.0234375
train_tokens_per_second,efficiency,higher_is_better,10m,mla_moe_vs_mla,composition_mechanism,mla_121m,mla_moe_220m,Effect of adding MoE capacity on top of MLA.,10,3655.266577959335,2039.9560731307586,-1615.3105048285765,-1614.4720775144924,-44.19131875548112,11.58207086826336,3.6625723965196206,-1623.5958192094208,-1607.0251904477323,20000,-1622.060484615765,-1608.3872359828113,-1631.6593815373935,-1597.7994282532395,-139.46646702488874,0,10,0,0.0,0.0,0.0,0.0,0.0
train_tokens_per_second,efficiency,higher_is_better,10m,mla_moe_vs_moe,composition_mechanism,moe_220m,mla_moe_220m,Effect of adding MLA attention inside the MoE setting.,10,2180.4413898905577,2039.9560731307586,-140.48531675979888,-139.09109154056853,-6.442976060312734,11.745550445276738,3.7142691779479384,-148.8875773850419,-132.08305613455585,20000,-147.78933015673192,-134.01018433697823,-163.56650575708,-126.35589640122475,-11.960726524851164,0,10,0,0.0,0.001953125,0.009765625,0.033203125,0.0234375
train_tokens_per_second,efficiency,higher_is_better,10m,v3_routing_vs_moe,routing_mechanism,moe_220m,v3_routing_220m,Effect of V3-style routing relative to standard MoE.,10,2180.4413898905577,2147.3497456897685,-33.091644200789005,7.471553650544138,-1.5176580464036213,114.46373076009094,36.19660986821637,-114.97406448111593,48.79077607953792,20000,-107.5458719825505,8.849416194854893,-356.77853826446153,15.968191114764522,-0.2891015693883602,6,4,0,0.6,0.7421875,0.7421875,1.0,0.765625
train_tokens_per_second,efficiency,higher_is_better,10m,mtp_vs_dense,objective_mechanism,dense_121m,mtp_121m,Effect of MTP objective relative to next-token-only dense baseline.,10,4183.045901652817,3619.36496401507,-563.6809376377465,-565.7278858225875,-13.475370600523972,8.283111419004522,2.61934981970036,-569.606318594106,-557.755556681387,20000,-568.3387879122206,-558.7056728476149,-575.0970048073791,-550.649411897411,-68.051835732217,0,10,0,0.0,0.001953125,0.009765625,0.033203125,0.0234375
train_tokens_per_second,efficiency,higher_is_better,25m,mla_vs_dense,attention_mechanism,dense_121m,mla_121m,Effect of MLA attention relative to dense baseline.,10,4187.878071060675,3653.6998982373384,-534.1781728233364,-534.6243186494344,-12.755342055315465,6.37383710998896,2.0155842702470275,-538.7377412173837,-529.618604429289,20000,-537.7319001892672,-530.2738635738413,-543.0902506213038,-523.6152941421874,-83.80794231251724,0,10,0,0.0,0.001953125,0.01171875,0.033203125,0.025390625
train_tokens_per_second,efficiency,higher_is_better,25m,moe_vs_dense,sparse_ffn_mechanism,dense_121m,moe_220m,Effect of sparse MoE capacity relative to dense baseline.,10,4187.878071060675,2179.276238497395,-2008.6018325632801,-2011.8197352989905,-47.96228062233331,11.387743013255799,3.6011205330557354,-2016.7481331710258,-2000.4555319555345,20000,-2015.3035819787885,-2001.5940928681036,-2028.6575879975194,-1993.598215541871,-176.38278544090656,0,10,0,0.0,0.001953125,0.01171875,0.033203125,0.025390625
train_tokens_per_second,efficiency,higher_is_better,25m,mla_moe_vs_dense,composition_supporting,dense_121m,mla_moe_220m,Supporting comparison for combined MLA plus MoE relative to dense baseline.,10,4187.878071060675,2040.4735035759684,-2147.4045674847066,-2151.134031424879,-51.27667355751902,14.065129893569273,4.447784604980057,-2157.466155287191,-2137.342979682222,20000,-2155.32225223594,-2138.9400835017195,-2165.095013601518,-2125.151561693254,-152.67577219223,0,10,0,0.0,0.001953125,0.01171875,0.033203125,0.025390625
train_tokens_per_second,efficiency,higher_is_better,25m,mla_moe_vs_mla,composition_mechanism,mla_121m,mla_moe_220m,Effect of adding MoE capacity on top of MLA.,10,3653.6998982373384,2040.4735035759684,-1613.2263946613703,-1616.0896424599346,-44.1532265810786,17.375663907365027,5.494667380485444,-1625.6561958330146,-1600.7965934897259,20000,-1622.8099529471613,-1602.6589186234567,-1634.4557014955951,-1582.0613110719498,-92.84401466683363,0,10,0,0.0,0.0,0.0,0.0,0.0
train_tokens_per_second,efficiency,higher_is_better,25m,mla_moe_vs_moe,composition_mechanism,moe_220m,mla_moe_220m,Effect of adding MLA attention inside the MoE setting.,10,2179.276238497395,2040.4735035759684,-138.80273492142643,-138.2219034746921,-6.369212515120641,7.8197516102456515,2.4728225825145533,-144.39664823864942,-133.20882160420345,20000,-143.27883144398686,-134.1355566179081,-148.60335207588741,-124.89956500574681,-17.75027415699027,0,10,0,0.0,0.001953125,0.01171875,0.033203125,0.025390625
train_tokens_per_second,efficiency,higher_is_better,25m,v3_routing_vs_moe,routing_mechanism,moe_220m,v3_routing_220m,Effect of V3-style routing relative to standard MoE.,10,2179.276238497395,2180.1522153050837,0.8759768076884938,2.4741871126414026,0.04019576739351215,10.541988886193252,3.3336695948552255,-6.665307744525114,8.417261359902101,20000,-5.716418045852788,6.668585505552665,-20.818051709682095,13.668102545696456,0.08309407429140367,6,4,0,0.6,0.791015625,0.791015625,1.0,0.98828125
train_tokens_per_second,efficiency,higher_is_better,25m,mtp_vs_dense,objective_mechanism,dense_121m,mtp_121m,Effect of MTP objective relative to next-token-only dense baseline.,10,4187.878071060675,3613.671624698357,-574.2064463623186,-573.2961620762221,-13.711154828748102,12.056239540230967,3.8125176963711076,-582.8309605772413,-565.581932147396,20000,-581.4545677205604,-567.523803580911,-595.8388218774485,-560.613362017983,-47.6273256222411,0,10,0,0.0,0.001953125,0.01171875,0.033203125,0.025390625
train_tokens_per_second,efficiency,higher_is_better,50m,mla_vs_dense,attention_mechanism,dense_121m,mla_121m,Effect of MLA attention relative to dense baseline.,10,4196.921154989223,3659.6550480680125,-537.2661069212111,-537.5341398761659,-12.801434362961976,4.580124124715438,1.448362420038588,-540.5425303439463,-533.9896834984759,20000,-539.883525277736,-534.520838139314,-544.9131821522237,-529.5170542566257,-117.30383113898498,0,10,0,0.0,0.0,0.0,0.0,0.0
train_tokens_per_second,efficiency,higher_is_better,50m,moe_vs_dense,sparse_ffn_mechanism,dense_121m,moe_220m,Effect of sparse MoE capacity relative to dense baseline.,10,4196.921154989223,2186.8202328460575,-2010.1009221431661,-2012.2206448324987,-47.8946553416567,10.383079826271521,3.2834181378363407,-2017.5285300019464,-2002.673314284386,20000,-2015.3257542210042,-2003.295478141301,-2021.7860637624017,-1984.1327382073482,-193.5939004395555,0,10,0,0.0,0.001953125,0.01171875,0.033203125,0.025390625
train_tokens_per_second,efficiency,higher_is_better,50m,mla_moe_vs_dense,composition_supporting,dense_121m,mla_moe_220m,Supporting comparison for combined MLA plus MoE relative to dense baseline.,10,4196.921154989223,2047.4783423675904,-2149.4428126216326,-2145.7473921109004,-51.214753226098,12.491019912915078,3.9500073223329726,-2158.3783499787273,-2140.507275264538,20000,-2157.0796483058884,-2142.4674539208954,-2173.0165577363205,-2132.619365196861,-172.07904779650684,0,10,0,0.0,0.001953125,0.01171875,0.033203125,0.025390625
train_tokens_per_second,efficiency,higher_is_better,50m,mla_moe_vs_mla,composition_mechanism,mla_121m,mla_moe_220m,Effect of adding MoE capacity on top of MLA.,10,3659.6550480680125,2047.4783423675904,-1612.176705700422,-1609.8482871037595,-44.05269580124811,10.343893773000943,3.271026419751569,-1619.576281545378,-1604.777129855466,20000,-1618.7676917747935,-1606.7496218013534,-1635.9350173178366,-1601.613252834521,-155.8578172862173,0,10,0,0.0,0.001953125,0.01171875,0.033203125,0.025390625
train_tokens_per_second,efficiency,higher_is_better,50m,mla_moe_vs_moe,composition_mechanism,moe_220m,mla_moe_220m,Effect of adding MLA attention inside the MoE setting.,10,2186.8202328460575,2047.4783423675904,-139.34189047846684,-137.12217852879348,-6.37189506414613,11.251348577177998,3.557988825237726,-147.39062038443078,-131.2931605725029,20000,-146.2157354946108,-132.9592601460688,-159.9346479981084,-123.44444471740098,-12.384461251258807,0,10,0,0.0,0.001953125,0.01171875,0.033203125,0.025390625
train_tokens_per_second,efficiency,higher_is_better,50m,v3_routing_vs_moe,routing_mechanism,moe_220m,v3_routing_220m,Effect of V3-style routing relative to standard MoE.,10,2186.8202328460575,2188.7135850994396,1.8933522533822724,7.035207326794762,0.08658015071125218,14.754367459295981,4.665740660644697,-8.661286401587015,12.447990908351558,20000,-7.912332148517862,9.069535141040069,-35.44694316738605,14.391540089895443,0.1283248677793616,7,3,0,0.7,0.75390625,0.75390625,1.0,1.0
train_tokens_per_second,efficiency,higher_is_better,50m,mtp_vs_dense,objective_mechanism,dense_121m,mtp_121m,Effect of MTP objective relative to next-token-only dense baseline.,10,4196.921154989223,3632.162954640731,-564.7582003484922,-562.434116322245,-13.456488208674543,8.606457204819948,2.7216007351997313,-570.9148889457455,-558.601511751239,20000,-570.0353408712618,-559.8174959484911,-578.2696473038568,-553.5256727933379,-65.62028798937219,0,10,0,0.0,0.001953125,0.01171875,0.033203125,0.025390625
peak_memory_bytes,efficiency,lower_is_better,10m,mla_vs_dense,attention_mechanism,dense_121m,mla_121m,Effect of MLA attention relative to dense baseline.,10,3090290688.0,3553236992.0,462946304.0,462946304.0,14.980671747084525,0.0,0.0,462946304.0,462946304.0,20000,462946304.0,462946304.0,462946304.0,462946304.0,,0,10,0,0.0,0.001953125,0.013671875,0.041015625,0.0234375
peak_memory_bytes,efficiency,lower_is_better,10m,moe_vs_dense,sparse_ffn_mechanism,dense_121m,moe_220m,Effect of sparse MoE capacity relative to dense baseline.,10,3090290688.0,4656170803.2,1565880115.2,1565142528.0,50.6709650739497,3229438.4132889044,1021238.094923312,1563569914.1287053,1568190316.2712948,20000,1564016742.4,1567854489.6,1560825856.0,1570936832.0,484.8769088633235,0,10,0,0.0,0.001953125,0.013671875,0.041015625,0.0234375
peak_memory_bytes,efficiency,lower_is_better,10m,mla_moe_vs_dense,composition_supporting,dense_121m,mla_moe_220m,Supporting comparison for combined MLA plus MoE relative to dense baseline.,10,3090290688.0,4986778419.2,1896487731.2,1895144448.0,61.36923424596618,4113735.903153207,1300877.5146373978,1893544941.8124144,1899430520.5875857,20000,1894338867.2,1899104460.8,1892908032.0,1905223680.0,461.01348648714395,0,10,0,0.0,0.001953125,0.013671875,0.041015625,0.0234375
peak_memory_bytes,efficiency,lower_is_better,10m,mla_moe_vs_mla,composition_mechanism,mla_121m,mla_moe_220m,Effect of adding MoE capacity on top of MLA.,10,3553236992.0,4986778419.2,1433541427.2,1432198144.0,40.34466123221088,4113735.903153207,1300877.5146373978,1430598637.8124144,1436484216.5875857,20000,1431373209.6,1436200345.6,1429961728.0,1442277376.0,348.4767765721617,0,10,0,0.0,0.001953125,0.013671875,0.041015625,0.0234375
peak_memory_bytes,efficiency,lower_is_better,10m,mla_moe_vs_moe,composition_mechanism,moe_220m,mla_moe_220m,Effect of adding MLA attention inside the MoE setting.,10,4656170803.2,4986778419.2,330607616.0,330211328.0,7.10041856223974,6651730.9840662945,2103462.0292362673,325849254.3040095,335365977.6959905,20000,326854553.6,334654259.2,322171904.0,341485568.0,49.702493500104694,0,10,0,0.0,0.001953125,0.013671875,0.041015625,0.0234375
peak_memory_bytes,efficiency,lower_is_better,10m,v3_routing_vs_moe,routing_mechanism,moe_220m,v3_routing_220m,Effect of V3-style routing relative to standard MoE.,10,4656170803.2,4655283200.0,-887603.2,-979456.0,-0.019062943296452653,2952909.872991679,933792.0923852231,-2999987.67030013,1224781.2703001301,20000,-2628198.4,896102.4,-6436864.0,5168128.0,-0.30058594341748174,7,3,0,0.7,0.3828125,0.3828125,1.0,0.765625
peak_memory_bytes,efficiency,lower_is_better,10m,mtp_vs_dense,objective_mechanism,dense_121m,mtp_121m,Effect of MTP objective relative to next-token-only dense baseline.,10,3090290688.0,3488620032.0,398329344.0,398329344.0,12.889704698226758,0.0,0.0,398329344.0,398329344.0,20000,398329344.0,398329344.0,398329344.0,398329344.0,,0,10,0,0.0,0.001953125,0.013671875,0.041015625,0.0234375
peak_memory_bytes,efficiency,lower_is_better,25m,mla_vs_dense,attention_mechanism,dense_121m,mla_121m,Effect of MLA attention relative to dense baseline.,10,3090290688.0,3553236992.0,462946304.0,462946304.0,14.980671747084525,0.0,0.0,462946304.0,462946304.0,20000,462946304.0,462946304.0,462946304.0,462946304.0,,0,10,0,0.0,0.001953125,0.013671875,0.041015625,0.025390625
peak_memory_bytes,efficiency,lower_is_better,25m,moe_vs_dense,sparse_ffn_mechanism,dense_121m,moe_220m,Effect of sparse MoE capacity relative to dense baseline.,10,3090290688.0,4656170803.2,1565880115.2,1565142528.0,50.6709650739497,3229438.4132889044,1021238.094923312,1563569914.1287053,1568190316.2712948,20000,1564000768.0,1567834316.8,1560825856.0,1570936832.0,484.8769088633235,0,10,0,0.0,0.001953125,0.013671875,0.041015625,0.025390625
peak_memory_bytes,efficiency,lower_is_better,25m,mla_moe_vs_dense,composition_supporting,dense_121m,mla_moe_220m,Supporting comparison for combined MLA plus MoE relative to dense baseline.,10,3090290688.0,4986778419.2,1896487731.2,1895144448.0,61.36923424596618,4113735.903153207,1300877.5146373978,1893544941.8124144,1899430520.5875857,20000,1894349312.0,1899093708.8,1892908032.0,1905223680.0,461.01348648714395,0,10,0,0.0,0.001953125,0.013671875,0.041015625,0.025390625
peak_memory_bytes,efficiency,lower_is_better,25m,mla_moe_vs_mla,composition_mechanism,mla_121m,mla_moe_220m,Effect of adding MoE capacity on top of MLA.,10,3553236992.0,4986778419.2,1433541427.2,1432198144.0,40.34466123221088,4113735.903153207,1300877.5146373978,1430598637.8124144,1436484216.5875857,20000,1431383756.8,1436177510.4,1429961728.0,1442277376.0,348.4767765721617,0,10,0,0.0,0.001953125,0.013671875,0.041015625,0.025390625
peak_memory_bytes,efficiency,lower_is_better,25m,mla_moe_vs_moe,composition_mechanism,moe_220m,mla_moe_220m,Effect of adding MLA attention inside the MoE setting.,10,4656170803.2,4986778419.2,330607616.0,330211328.0,7.10041856223974,6651730.9840662945,2103462.0292362673,325849254.3040095,335365977.6959905,20000,326878310.4,334665523.2,322171904.0,341485568.0,49.702493500104694,0,10,0,0.0,0.001953125,0.013671875,0.041015625,0.025390625
peak_memory_bytes,efficiency,lower_is_better,25m,v3_routing_vs_moe,routing_mechanism,moe_220m,v3_routing_220m,Effect of V3-style routing relative to standard MoE.,10,4656170803.2,4655500595.2,-670208.0,-798208.0,-0.014393973681966153,2902435.8814883595,917830.8148101757,-2746485.5519072395,1406069.5519072395,20000,-2368102.4,1084313.6,-6386688.0,5168128.0,-0.23091225004299476,6,4,0,0.6,0.494140625,0.494140625,1.0,0.98828125
peak_memory_bytes,efficiency,lower_is_better,25m,mtp_vs_dense,objective_mechanism,dense_121m,mtp_121m,Effect of MTP objective relative to next-token-only dense baseline.,10,3090290688.0,3488620032.0,398329344.0,398329344.0,12.889704698226758,0.0,0.0,398329344.0,398329344.0,20000,398329344.0,398329344.0,398329344.0,398329344.0,,0,10,0,0.0,0.001953125,0.013671875,0.041015625,0.025390625
peak_memory_bytes,efficiency,lower_is_better,50m,mla_vs_dense,attention_mechanism,dense_121m,mla_121m,Effect of MLA attention relative to dense baseline.,10,3090290688.0,3553236992.0,462946304.0,462946304.0,14.980671747084525,0.0,0.0,462946304.0,462946304.0,20000,462946304.0,462946304.0,462946304.0,462946304.0,,0,10,0,0.0,0.001953125,0.013671875,0.041015625,0.025390625
peak_memory_bytes,efficiency,lower_is_better,50m,moe_vs_dense,sparse_ffn_mechanism,dense_121m,moe_220m,Effect of sparse MoE capacity relative to dense baseline.,10,3090290688.0,4656171110.4,1565880422.4,1565144064.0,50.67097501476211,3229362.710232029,1021214.1555147556,1563570275.48341,1568190569.3165903,20000,1564017561.6,1567840358.4,1560825856.0,1570936832.0,484.8883705254316,0,10,0,0.0,0.001953125,0.013671875,0.041015625,0.025390625
peak_memory_bytes,efficiency,lower_is_better,50m,mla_moe_vs_dense,composition_supporting,dense_121m,mla_moe_220m,Supporting comparison for combined MLA plus MoE relative to dense baseline.,10,3090290688.0,4986778419.2,1896487731.2,1895144448.0,61.36923424596618,4113735.903153207,1300877.5146373978,1893544941.8124144,1899430520.5875857,20000,1894352998.4,1899169894.4,1892908032.0,1905223680.0,461.01348648714395,0,10,0,0.0,0.001953125,0.013671875,0.041015625,0.025390625
peak_memory_bytes,efficiency,lower_is_better,50m,mla_moe_vs_mla,composition_mechanism,mla_121m,mla_moe_220m,Effect of adding MoE capacity on top of MLA.,10,3553236992.0,4986778419.2,1433541427.2,1432198144.0,40.34466123221088,4113735.903153207,1300877.5146373978,1430598637.8124144,1436484216.5875857,20000,1431385497.6,1436157849.6,1429961728.0,1442277376.0,348.4767765721617,0,10,0,0.0,0.001953125,0.013671875,0.041015625,0.025390625
peak_memory_bytes,efficiency,lower_is_better,50m,mla_moe_vs_moe,composition_mechanism,moe_220m,mla_moe_220m,Effect of adding MLA attention inside the MoE setting.,10,4656171110.4,4986778419.2,330607308.8,330209792.0,7.100411496080056,6651740.723557152,2103465.109133703,325848940.1367974,335365677.4632026,20000,326893056.0,334577664.0,322171904.0,341485568.0,49.70237454222376,0,10,0,0.0,0.001953125,0.013671875,0.041015625,0.025390625
peak_memory_bytes,efficiency,lower_is_better,50m,v3_routing_vs_moe,routing_mechanism,moe_220m,v3_routing_220m,Effect of V3-style routing relative to standard MoE.,10,4656171110.4,4655673651.2,-497459.2,-352256.0,-0.010683868530709227,2887276.1736232685,913036.89425853,-2562892.150193723,1567973.750193723,20000,-2224640.0,1188044.8,-6386688.0,5165056.0,-0.17229359787073437,6,4,0,0.6,0.580078125,0.580078125,1.0,1.0
peak_memory_bytes,efficiency,lower_is_better,50m,mtp_vs_dense,objective_mechanism,dense_121m,mtp_121m,Effect of MTP objective relative to next-token-only dense baseline.,10,3090290688.0,3488620032.0,398329344.0,398329344.0,12.889704698226758,0.0,0.0,398329344.0,398329344.0,20000,398329344.0,398329344.0,398329344.0,398329344.0,,0,10,0,0.0,0.001953125,0.013671875,0.041015625,0.025390625
